{"@module": "matbench.bench", "@class": "MatbenchBenchmark", "version": "0.6", "tasks": {"matbench_steels": {"@class": "MatbenchTask", "@module": "matbench.task", "benchmark_name": "matbench_v0.1", "dataset_name": "matbench_steels", "results": {"fold_0": {"data": {"mb-steels-003": 2295.7900390625, "mb-steels-005": 2384.316650390625, "mb-steels-020": 1165.160400390625, "mb-steels-026": 1300.9376220703125, "mb-steels-027": 1945.1185302734375, "mb-steels-032": 1641.2529296875, "mb-steels-035": 1314.1348876953125, "mb-steels-041": 1478.7708740234375, "mb-steels-045": 1432.813720703125, "mb-steels-046": 1307.634033203125, "mb-steels-064": 1183.9371337890625, "mb-steels-066": 1319.51318359375, "mb-steels-068": 1327.83837890625, "mb-steels-071": 1615.44677734375, "mb-steels-072": 1340.0908203125, "mb-steels-076": 1333.4573974609375, "mb-steels-077": 1393.18603515625, "mb-steels-089": 1394.7352294921875, "mb-steels-093": 1378.3172607421875, "mb-steels-096": 1075.35400390625, "mb-steels-104": 1447.3187255859375, "mb-steels-106": 1128.2724609375, "mb-steels-108": 1222.529052734375, "mb-steels-111": 1266.4376220703125, "mb-steels-120": 1107.17724609375, "mb-steels-122": 1435.008056640625, "mb-steels-128": 1081.0955810546875, "mb-steels-133": 1004.8690185546875, "mb-steels-138": 1829.61767578125, "mb-steels-141": 1802.4736328125, "mb-steels-146": 1294.453369140625, "mb-steels-161": 1071.4522705078125, "mb-steels-174": 1555.833251953125, "mb-steels-175": 1156.0947265625, "mb-steels-177": 1151.1978759765625, "mb-steels-179": 1382.8681640625, "mb-steels-181": 1383.7830810546875, "mb-steels-182": 1361.0411376953125, "mb-steels-196": 1355.508544921875, "mb-steels-209": 1956.9302978515625, "mb-steels-210": 1366.4932861328125, "mb-steels-225": 1184.6566162109375, "mb-steels-232": 1184.81103515625, "mb-steels-234": 1252.971923828125, "mb-steels-242": 1566.466552734375, "mb-steels-244": 1549.324462890625, "mb-steels-252": 1842.8135986328125, "mb-steels-254": 1713.5224609375, "mb-steels-257": 1809.6142578125, "mb-steels-266": 1174.68896484375, "mb-steels-267": 1123.4134521484375, "mb-steels-269": 1712.0074462890625, "mb-steels-272": 1167.892822265625, "mb-steels-273": 1273.961181640625, "mb-steels-275": 1723.412109375, "mb-steels-281": 1249.00732421875, "mb-steels-283": 1205.5111083984375, "mb-steels-290": 1440.116455078125, "mb-steels-294": 1695.518798828125, "mb-steels-300": 1755.8558349609375, "mb-steels-303": 1673.709716796875, "mb-steels-309": 1130.342041015625, "mb-steels-310": 1707.8955078125}, "parameters": {}, "scores": {"mae": 115.08872612847222, "mape": 0.07393882372309055, "max_error": 1133.870947265625, "rmse": 204.2355134219591}, "uncertainty": null}, "fold_1": {"data": {"mb-steels-004": 2404.84716796875, "mb-steels-009": 1113.98876953125, "mb-steels-010": 1535.638916015625, "mb-steels-012": 2333.3447265625, "mb-steels-024": 1557.432373046875, "mb-steels-030": 1588.338623046875, "mb-steels-040": 1226.20849609375, "mb-steels-047": 1292.7982177734375, "mb-steels-060": 1227.16552734375, "mb-steels-062": 1611.8997802734375, "mb-steels-067": 1273.09033203125, "mb-steels-069": 1329.797119140625, "mb-steels-090": 840.453125, "mb-steels-094": 1356.3133544921875, "mb-steels-097": 1334.387939453125, "mb-steels-099": 1356.1483154296875, "mb-steels-100": 1384.0445556640625, "mb-steels-110": 1448.53955078125, "mb-steels-112": 1343.1728515625, "mb-steels-114": 1431.4599609375, "mb-steels-117": 1338.5570068359375, "mb-steels-118": 1340.407470703125, "mb-steels-124": 1076.117431640625, "mb-steels-135": 1688.9820556640625, "mb-steels-137": 1705.8856201171875, "mb-steels-139": 1705.508056640625, "mb-steels-142": 1698.377685546875, "mb-steels-143": 1311.59375, "mb-steels-148": 1204.8990478515625, "mb-steels-151": 1047.27392578125, "mb-steels-152": 1191.8101806640625, "mb-steels-155": 1504.35693359375, "mb-steels-156": 1388.8265380859375, "mb-steels-158": 1283.9234619140625, "mb-steels-166": 1453.6787109375, "mb-steels-180": 1393.545166015625, "mb-steels-184": 1371.591552734375, "mb-steels-185": 1351.494384765625, "mb-steels-189": 1349.885009765625, "mb-steels-190": 1351.39306640625, "mb-steels-191": 1349.655029296875, "mb-steels-192": 1353.710205078125, "mb-steels-198": 1462.1337890625, "mb-steels-201": 1194.987060546875, "mb-steels-212": 1196.466796875, "mb-steels-215": 1226.44482421875, "mb-steels-216": 1525.7650146484375, "mb-steels-226": 1179.3428955078125, "mb-steels-230": 1251.1495361328125, "mb-steels-231": 1962.739501953125, "mb-steels-236": 1038.5618896484375, "mb-steels-238": 1064.678466796875, "mb-steels-248": 1422.866455078125, "mb-steels-251": 1620.504150390625, "mb-steels-263": 1483.506103515625, "mb-steels-274": 1835.320556640625, "mb-steels-278": 1194.582763671875, "mb-steels-279": 1220.447998046875, "mb-steels-287": 1170.864501953125, "mb-steels-288": 1758.0755615234375, "mb-steels-297": 1866.554931640625, "mb-steels-298": 1803.1893310546875, "mb-steels-302": 1778.4088134765625}, "parameters": {}, "scores": {"mae": 84.39200265066964, "mape": 0.061236921857549205, "max_error": 442.9205566406249, "rmse": 112.52076229778538}, "uncertainty": null}, "fold_2": {"data": {"mb-steels-017": 2496.36474609375, "mb-steels-019": 2088.028564453125, "mb-steels-021": 2441.60498046875, "mb-steels-023": 1445.4649658203125, "mb-steels-033": 1562.0501708984375, "mb-steels-048": 1384.4012451171875, "mb-steels-053": 1343.792236328125, "mb-steels-054": 1679.4725341796875, "mb-steels-059": 1597.9674072265625, "mb-steels-065": 1379.350830078125, "mb-steels-070": 1443.5997314453125, "mb-steels-074": 1567.61572265625, "mb-steels-078": 1645.6080322265625, "mb-steels-080": 1462.4595947265625, "mb-steels-081": 1617.2491455078125, "mb-steels-083": 1244.6802978515625, "mb-steels-084": 1553.267578125, "mb-steels-087": 1465.5380859375, "mb-steels-102": 1361.10546875, "mb-steels-107": 1222.5938720703125, "mb-steels-121": 1129.8399658203125, "mb-steels-123": 1596.147705078125, "mb-steels-125": 1170.5936279296875, "mb-steels-127": 1951.56005859375, "mb-steels-131": 1938.65478515625, "mb-steels-132": 1169.928955078125, "mb-steels-140": 1402.65087890625, "mb-steels-149": 1340.8277587890625, "mb-steels-153": 1283.813720703125, "mb-steels-157": 1670.945068359375, "mb-steels-162": 1202.1060791015625, "mb-steels-163": 1594.3095703125, "mb-steels-164": 1140.120849609375, "mb-steels-165": 1083.669189453125, "mb-steels-168": 1182.08642578125, "mb-steels-169": 1284.3818359375, "mb-steels-172": 1520.904541015625, "mb-steels-186": 1337.1722412109375, "mb-steels-193": 1367.288330078125, "mb-steels-194": 1352.8668212890625, "mb-steels-202": 1238.2598876953125, "mb-steels-207": 1102.846923828125, "mb-steels-208": 1257.210693359375, "mb-steels-213": 1238.62744140625, "mb-steels-214": 1037.6016845703125, "mb-steels-217": 1456.974365234375, "mb-steels-218": 1257.25146484375, "mb-steels-220": 1311.1063232421875, "mb-steels-222": 1198.136962890625, "mb-steels-223": 1283.7745361328125, "mb-steels-235": 1637.2515869140625, "mb-steels-237": 1253.8314208984375, "mb-steels-241": 1519.7945556640625, "mb-steels-255": 1316.6092529296875, "mb-steels-258": 1409.0406494140625, "mb-steels-259": 1821.768798828125, "mb-steels-260": 1751.939697265625, "mb-steels-277": 1369.7620849609375, "mb-steels-284": 1721.825927734375, "mb-steels-289": 1735.1883544921875, "mb-steels-301": 1360.4320068359375, "mb-steels-307": 1165.9285888671875}, "parameters": {}, "scores": {"mae": 116.80238627772177, "mape": 0.08485760121043216, "max_error": 484.72856445312505, "rmse": 158.97409899555467}, "uncertainty": null}, "fold_3": {"data": {"mb-steels-002": 1400.2174072265625, "mb-steels-007": 2397.02685546875, "mb-steels-014": 2304.0263671875, "mb-steels-022": 2267.426025390625, "mb-steels-031": 2076.236083984375, "mb-steels-034": 1805.8099365234375, "mb-steels-042": 1427.170654296875, "mb-steels-043": 2172.912353515625, "mb-steels-044": 1202.054443359375, "mb-steels-049": 2328.208984375, "mb-steels-050": 1370.31640625,